Year,Quarter,Type of employment,Sex,Value
2016,January,Formal,Male,242000.0
2016,January,Formal,Female,216800.0
2017,January,Formal,Male,237100.0
2017,January,Formal,Female,238200.0
2017,January,Formal,Total,520300.0
2017,January,Informal,Male,277800.0
2017,January,Informal,Female,188700.0
2017,January,Informal,Total,466500.0
2017,January,Agriculture,Male,147000.0
2017,January,Agriculture,Female,49500.0
2017,January,Agriculture,Total,196500.0
2017,April,Formal,Male,246700.0
2017,April,Formal,Female,288000.0
2017,April,Formal,Total,594700.0
2017,April,Informal,Male,266800.0
2017,April,Informal,Female,194000.0
2017,April,Informal,Total,468000.0
2017,April,Agriculture,Male,155100.0
2017,April,Agriculture,Female,51000.0
2017,April,Agriculture,Total,206100.0
2017,July,Formal,Male,257900.0
2017,July,Formal,Female,294900.0
2017,July,Formal,Total,552800.0
2017,July,Informal,Male,273300.0
2017,July,Informal,Female,196300.0
2017,July,Informal,Total,469600.0
2017,July,Agriculture,Male,144400.0
2017,July,Agriculture,Female,45400.0
2017,July,Agriculture,Total,189800.0
2017,October,Formal,Male,240800.0
2017,October,Formal,Female,290400.0
2017,October,Formal,Total,531200.0
2017,October,Informal,Male,290600.0
2017,October,Informal,Female,197500.0
2017,October,Informal,Total,488100.0
2017,October,Agriculture,Male,138200.0
2017,October,Agriculture,Female,49400.0
2017,October,Agriculture,Total,187600.0
2018,January,Formal,Male,232100.0
2018,January,Formal,Female,281000.0
2018,January,Formal,Total,513100.0
2018,January,Informal,Male,285800.0
2018,January,Informal,Female,210500.0
2018,January,Informal,Total,496300.0
2018,January,Agriculture,Male,146100.0
2018,January,Agriculture,Female,48500.0
2018,January,Agriculture,Total,194600.0
2018,April,Formal,Male,245300.0
2018,April,Formal,Female,289600.0
2018,April,Formal,Total,534900.0
2018,April,Informal,Male,282600.0
2018,April,Informal,Female,202800.0
2018,April,Informal,Total,485400.0
2018,April,Agriculture,Male,145400.0
2018,April,Agriculture,Female,48800.0
2018,April,Agriculture,Total,194200.0
2018,July,Formal,Male,261800.0
2018,July,Formal,Female,300100.0
2018,July,Formal,Total,561900.0
2018,July,Informal,Male,280400.0
2018,July,Informal,Female,195800.0
2018,July,Informal,Total,476200.0
2018,July,Agriculture,Male,138100.0
2018,July,Agriculture,Female,46400.0
2018,July,Agriculture,Total,184500.0
2018,October,Formal,Male,249500.0
2018,October,Formal,Female,297700.0
2018,October,Formal,Total,547200.0
2018,October,Informal,Male,284100.0
2018,October,Informal,Female,200700.0
2018,October,Informal,Total,484800.0
2018,October,Agriculture,Male,138500.0
2018,October,Agriculture,Female,48600.0
2018,October,Agriculture,Total,187100.0
2019,January,Formal,Male,253900.0
2019,January,Formal,Female,303600.0
2019,January,Formal,Total,557500.0
2019,January,Informal,Male,281100.0
2019,January,Informal,Female,281100.0
2019,January,Informal,Total,489500.0
2019,January,Agriculture,Male,139200.0
2019,January,Agriculture,Female,47800.0
2019,January,Agriculture,Total,187000.0
2019,April,Formal,Male,264500.0
2019,April,Formal,Female,314100.0
2019,April,Formal,Total,578600.0
2019,April,Informal,Male,281900.0
2019,April,Informal,Female,195700.0
2019,April,Informal,Total,477600.0
2019,April,Agriculture,Male,145100.0
2019,April,Agriculture,Female,45200.0
2019,April,Agriculture,Total,190300.0
2019,July,Formal,Male,263400.0
2019,July,Formal,Female,320000.0
2019,July,Formal,Total,583400.0
2019,July,Informal,Male,286900.0
2019,July,Informal,Female,198200.0
2019,July,Informal,Total,485100.0
2019,July,Agriculture,Male,144300.0
2019,July,Agriculture,Female,44000.0
2019,July,Agriculture,Total,188300.0
2019,October,Formal,Male,263400.0
2019,October,Formal,Female,319800.0
2019,October,Formal,Total,583200.0
2019,October,Informal,Male,279900.0
2019,October,Informal,Female,200900.0
2019,October,Informal,Total,480800.0
2019,October,Agriculture,Male,141200.0
2019,October,Agriculture,Female,46300.0
2019,October,Agriculture,Total,187500.0
2020,January,Formal,Male,254900.0
2020,January,Formal,Female,330100.0
2020,January,Formal,Total,585000.0
2020,January,Informal,Male,296100.0
2020,January,Informal,Female,204100.0
2020,January,Informal,Total,500200.0
2020,January,Agriculture,Male,141100.0
2020,January,Agriculture,Female,46400.0
2020,January,Agriculture,Total,187500.0
2020,July,Formal,Male,227900.0
2020,July,Formal,Female,281300.0
2020,July,Formal,Total,509200.0
2020,July,Informal,Male,253500.0
2020,July,Informal,Female,173500.0
2020,July,Informal,Total,427000.0
2020,July,Agriculture,Male,140100.0
2020,July,Agriculture,Female,45300.0
2020,July,Agriculture,Total,185400.0
2020,October,Formal,Male,230300.0
2020,October,Formal,Female,285300.0
2020,October,Formal,Total,515600.0
2020,October,Informal,Male,272100.0
2020,October,Informal,Female,181400.0
2020,October,Informal,Total,453500.0
2020,October,Agriculture,Male,140200.0
2020,October,Agriculture,Female,48900.0
2020,October,Agriculture,Total,189100.0
2021,January,Formal,Male,237600.0
2021,January,Formal,Female,292900.0
2021,January,Formal,Total,530500.0
2021,January,Informal,Male,283900.0
2021,January,Informal,Female,197500.0
2021,January,Informal,Total,481400.0
2021,January,Agriculture,Male,136400.0
2021,January,Agriculture,Female,51000.0
2021,January,Agriculture,Total,187400.0
2021,April,Formal,Male,242200.0
2021,April,Formal,Female,301500.0
2021,April,Formal,Total,543700.0
2021,April,Informal,Male,280500.0
2021,April,Informal,Female,189600.0
2021,April,Informal,Total,470100.0
2021,April,Agriculture,Male,139000.0
2021,April,Agriculture,Female,53200.0
2021,April,Agriculture,Total,192200.0
2021,July,Formal,Male,238900.0
2021,July,Formal,Female,297500.0
2021,July,Formal,Total,536400.0
2021,July,Informal,Male,295600.0
2021,July,Informal,Female,191400.0
2021,July,Informal,Total,487000.0
2021,July,Agriculture,Male,142700.0
2021,July,Agriculture,Female,48900.0
2021,July,Agriculture,Total,191600.0
2021,October,Formal,Male,242400.0
2021,October,Formal,Female,305000.0
2021,October,Formal,Total,547400.0
2021,October,Informal,Male,293500.0
2021,October,Informal,Female,202100.0
2021,October,Informal,Total,495600.0
2021,October,Agriculture,Male,139800.0
2021,October,Agriculture,Female,52000.0
2021,October,Agriculture,Total,191800.0
2022,January,Formal,Male,246900.0
2022,January,Formal,Female,316000.0
2022,January,Formal,Total,562900.0
2022,January,Informal,Male,302100.0
2022,January,Informal,Female,202200.0
2022,January,Informal,Total,504300.0
2022,January,Agriculture,Male,137200.0
2022,January,Agriculture,Female,52700.0
2022,January,Agriculture,Total,189900.0
2022,April,Formal,Male,250700.0
2022,April,Formal,Female,329400.0
2022,April,Formal,Total,580100.0
2022,April,Informal,Male,300900.0
2022,April,Informal,Female,198000.0
2022,April,Informal,Total,498900.0
2022,April,Agriculture,Male,139200.0
2022,April,Agriculture,Female,51100.0
2022,April,Agriculture,Total,190300.0
2022,July,Formal,Male,248700.0
2022,July,Formal,Female,325900.0
2022,July,Formal,Total,574600.0
2022,July,Informal,Male,303600.0
2022,July,Informal,Female,206400.0
2022,July,Informal,Total,510000.0
2022,July,Agriculture,Male,135900.0
2022,July,Agriculture,Female,47500.0
2022,July,Agriculture,Total,183400.0
2022,October,Formal,Male,
2022,October,Formal,Female,
2022,October,Formal,Total,
2022,October,Informal,Male,
2022,October,Informal,Female,
2022,October,Informal,Total,
2022,October,Agriculture,Male,
2022,October,Agriculture,Female,
2022,October,Agriculture,Total,
2024,January,Formal,Total,19690.0
2024,January,Informal,Total,175576.0
2024,January,Agriculture,Total,195266.0
2024,April,Formal,Total,18842.0
2024,April,Informal,Total,178747.0
2024,April,Agriculture,Total,197589.0
2024,July,Formal,Total,16884.0
2024,July,Informal,Total,184148.0
2024,July,Agriculture,Total,201032.0
2024,October,Formal,Total,15239.0
2024,October,Informal,Total,186169.0
2024,October,Agriculture,Total,201408.0
2025,January,Formal,Total,17124.0
2025,January,Informal,Total,175450.0
2025,January,Agriculture,Total,192574.0
2025,April,Formal,Total,21709.0
2025,April,Informal,Total,169922.0
2025,April,Agriculture,Total,191631.0
2025,July,Formal,Total,18619.0
2025,July,Informal,Total,174959.0
2025,July,Agriculture,Total,193578.0
2025,October,Formal,Total,
2025,October,Informal,Total,
2025,October,Agriculture,Total,
